agency_cd,site_no,Date,Flow,Flow_cd
USGS,13309220,2001-01-01,340,A e
USGS,13309220,2001-01-02,300,A e
USGS,13309220,2001-01-03,340,A e
USGS,13309220,2001-01-04,400,A e
USGS,13309220,2001-01-05,440,A e
USGS,13309220,2001-01-06,380,A e
USGS,13309220,2001-01-07,320,A e
USGS,13309220,2001-01-08,300,A e
USGS,13309220,2001-01-09,400,A e
USGS,13309220,2001-01-10,500,A e
USGS,13309220,2001-01-11,440,A e
USGS,13309220,2001-01-12,420,A e
USGS,13309220,2001-01-13,400,A e
USGS,13309220,2001-01-14,360,A e
USGS,13309220,2001-01-15,340,A e
USGS,13309220,2001-01-16,280,A e
USGS,13309220,2001-01-17,200,A e
USGS,13309220,2001-01-18,300,A e
USGS,13309220,2001-01-19,420,A e
USGS,13309220,2001-01-20,360,A e
USGS,13309220,2001-01-21,320,A e
USGS,13309220,2001-01-22,380,A e
USGS,13309220,2001-01-23,360,A e
USGS,13309220,2001-01-24,360,A e
USGS,13309220,2001-01-25,380,A e
USGS,13309220,2001-01-26,380,A e
USGS,13309220,2001-01-27,360,A e
USGS,13309220,2001-01-28,300,A e
USGS,13309220,2001-01-29,240,A e
USGS,13309220,2001-01-30,400,A e
USGS,13309220,2001-01-31,440,A e
USGS,13309220,2001-02-01,380,A e
USGS,13309220,2001-02-02,380,A e
USGS,13309220,2001-02-03,400,A e
USGS,13309220,2001-02-04,400,A e
USGS,13309220,2001-02-05,380,A e
USGS,13309220,2001-02-06,380,A e
USGS,13309220,2001-02-07,340,A e
USGS,13309220,2001-02-08,300,A e
USGS,13309220,2001-02-09,340,A e
USGS,13309220,2001-02-10,400,A e
USGS,13309220,2001-02-11,380,A e
USGS,13309220,2001-02-12,360,A e
USGS,13309220,2001-02-13,340,A e
USGS,13309220,2001-02-14,320,A e
USGS,13309220,2001-02-15,360,A e
USGS,13309220,2001-02-16,459,A
USGS,13309220,2001-02-17,418,A
USGS,13309220,2001-02-18,403,A
USGS,13309220,2001-02-19,397,A
USGS,13309220,2001-02-20,399,A
USGS,13309220,2001-02-21,399,A
USGS,13309220,2001-02-22,402,A
USGS,13309220,2001-02-23,375,A
USGS,13309220,2001-02-24,365,A
USGS,13309220,2001-02-25,379,A
USGS,13309220,2001-02-26,357,A
USGS,13309220,2001-02-27,360,A
USGS,13309220,2001-02-28,363,A
USGS,13309220,2001-03-01,345,A
USGS,13309220,2001-03-02,422,A
USGS,13309220,2001-03-03,371,A
USGS,13309220,2001-03-04,362,A
USGS,13309220,2001-03-05,375,A
USGS,13309220,2001-03-06,344,A
USGS,13309220,2001-03-07,344,A
USGS,13309220,2001-03-08,374,A
USGS,13309220,2001-03-09,428,A
USGS,13309220,2001-03-10,405,A
USGS,13309220,2001-03-11,392,A
USGS,13309220,2001-03-12,379,A
USGS,13309220,2001-03-13,380,A
USGS,13309220,2001-03-14,386,A
USGS,13309220,2001-03-15,355,A
USGS,13309220,2001-03-16,376,A
USGS,13309220,2001-03-17,362,A
USGS,13309220,2001-03-18,361,A
USGS,13309220,2001-03-19,416,A
USGS,13309220,2001-03-20,486,A
USGS,13309220,2001-03-21,498,A
USGS,13309220,2001-03-22,518,A
USGS,13309220,2001-03-23,560,A
USGS,13309220,2001-03-24,599,A
USGS,13309220,2001-03-25,646,A
USGS,13309220,2001-03-26,654,A
USGS,13309220,2001-03-27,572,A
USGS,13309220,2001-03-28,548,A
USGS,13309220,2001-03-29,541,A
USGS,13309220,2001-03-30,542,A
USGS,13309220,2001-03-31,538,A
USGS,13309220,2001-04-01,556,A
USGS,13309220,2001-04-02,550,A
USGS,13309220,2001-04-03,493,A
USGS,13309220,2001-04-04,482,A
USGS,13309220,2001-04-05,458,A
USGS,13309220,2001-04-06,474,A
USGS,13309220,2001-04-07,475,A
USGS,13309220,2001-04-08,473,A
USGS,13309220,2001-04-09,428,A
USGS,13309220,2001-04-10,410,A
USGS,13309220,2001-04-11,440,A
USGS,13309220,2001-04-12,436,A
USGS,13309220,2001-04-13,423,A
USGS,13309220,2001-04-14,409,A
USGS,13309220,2001-04-15,410,A
USGS,13309220,2001-04-16,426,A
USGS,13309220,2001-04-17,480,A
USGS,13309220,2001-04-18,598,A
USGS,13309220,2001-04-19,717,A
USGS,13309220,2001-04-20,727,A
USGS,13309220,2001-04-21,716,A
USGS,13309220,2001-04-22,673,A
USGS,13309220,2001-04-23,637,A
USGS,13309220,2001-04-24,640,A
USGS,13309220,2001-04-25,784,A
USGS,13309220,2001-04-26,1100,A
USGS,13309220,2001-04-27,1470,A
USGS,13309220,2001-04-28,1780,A
USGS,13309220,2001-04-29,1590,A
USGS,13309220,2001-04-30,1400,A
USGS,13309220,2001-05-01,1620,A
USGS,13309220,2001-05-02,1390,A
USGS,13309220,2001-05-03,1190,A
USGS,13309220,2001-05-04,1190,A
USGS,13309220,2001-05-05,1350,A
USGS,13309220,2001-05-06,1480,A
USGS,13309220,2001-05-07,1450,A
USGS,13309220,2001-05-08,1590,A
USGS,13309220,2001-05-09,1750,A
USGS,13309220,2001-05-10,1800,A
USGS,13309220,2001-05-11,1830,A
USGS,13309220,2001-05-12,1960,A
USGS,13309220,2001-05-13,2290,A
USGS,13309220,2001-05-14,2470,A
USGS,13309220,2001-05-15,3140,A
USGS,13309220,2001-05-16,3600,A
USGS,13309220,2001-05-17,3050,A
USGS,13309220,2001-05-18,2600,A
USGS,13309220,2001-05-19,2420,A
USGS,13309220,2001-05-20,2270,A
USGS,13309220,2001-05-21,2110,A
USGS,13309220,2001-05-22,2030,A
USGS,13309220,2001-05-23,2050,A
USGS,13309220,2001-05-24,2140,A
USGS,13309220,2001-05-25,2240,A
USGS,13309220,2001-05-26,2250,A
USGS,13309220,2001-05-27,2220,A
USGS,13309220,2001-05-28,2070,A
USGS,13309220,2001-05-29,1900,A
USGS,13309220,2001-05-30,1720,A
USGS,13309220,2001-05-31,1590,A
USGS,13309220,2001-06-01,1500,A
USGS,13309220,2001-06-02,1430,A
USGS,13309220,2001-06-03,1410,A
USGS,13309220,2001-06-04,1440,A
USGS,13309220,2001-06-05,1400,A
USGS,13309220,2001-06-06,1410,A
USGS,13309220,2001-06-07,1340,A
USGS,13309220,2001-06-08,1240,A
USGS,13309220,2001-06-09,1170,A
USGS,13309220,2001-06-10,1120,A
USGS,13309220,2001-06-11,1090,A
USGS,13309220,2001-06-12,1200,A
USGS,13309220,2001-06-13,1200,A
USGS,13309220,2001-06-14,1110,A
USGS,13309220,2001-06-15,1040,A
USGS,13309220,2001-06-16,976,A
USGS,13309220,2001-06-17,933,A
USGS,13309220,2001-06-18,901,A
USGS,13309220,2001-06-19,871,A
USGS,13309220,2001-06-20,845,A
USGS,13309220,2001-06-21,818,A
USGS,13309220,2001-06-22,791,A
USGS,13309220,2001-06-23,768,A
USGS,13309220,2001-06-24,745,A
USGS,13309220,2001-06-25,722,A
USGS,13309220,2001-06-26,718,A
USGS,13309220,2001-06-27,709,A
USGS,13309220,2001-06-28,805,A
USGS,13309220,2001-06-29,756,A
USGS,13309220,2001-06-30,691,A
USGS,13309220,2001-07-01,660,A
USGS,13309220,2001-07-02,633,A
USGS,13309220,2001-07-03,612,A
USGS,13309220,2001-07-04,596,A
USGS,13309220,2001-07-05,587,A
USGS,13309220,2001-07-06,583,A
USGS,13309220,2001-07-07,566,A
USGS,13309220,2001-07-08,568,A
USGS,13309220,2001-07-09,601,A
USGS,13309220,2001-07-10,664,A
USGS,13309220,2001-07-11,632,A
USGS,13309220,2001-07-12,620,A
USGS,13309220,2001-07-13,570,A
USGS,13309220,2001-07-14,545,A
USGS,13309220,2001-07-15,534,A
USGS,13309220,2001-07-16,558,A
USGS,13309220,2001-07-17,559,A
USGS,13309220,2001-07-18,531,A
USGS,13309220,2001-07-19,514,A
USGS,13309220,2001-07-20,508,A
USGS,13309220,2001-07-21,495,A
USGS,13309220,2001-07-22,476,A
USGS,13309220,2001-07-23,464,A
USGS,13309220,2001-07-24,456,A
USGS,13309220,2001-07-25,443,A
USGS,13309220,2001-07-26,432,A
USGS,13309220,2001-07-27,422,A
USGS,13309220,2001-07-28,412,A
USGS,13309220,2001-07-29,404,A
USGS,13309220,2001-07-30,462,A
USGS,13309220,2001-07-31,687,A
USGS,13309220,2001-08-01,588,A
USGS,13309220,2001-08-02,499,A
USGS,13309220,2001-08-03,460,A
USGS,13309220,2001-08-04,443,A
USGS,13309220,2001-08-05,428,A
USGS,13309220,2001-08-06,413,A
USGS,13309220,2001-08-07,402,A
USGS,13309220,2001-08-08,395,A
USGS,13309220,2001-08-09,384,A
USGS,13309220,2001-08-10,381,A
USGS,13309220,2001-08-11,377,A
USGS,13309220,2001-08-12,376,A
USGS,13309220,2001-08-13,385,A
USGS,13309220,2001-08-14,387,A
USGS,13309220,2001-08-15,376,A
USGS,13309220,2001-08-16,368,A
USGS,13309220,2001-08-17,357,A
USGS,13309220,2001-08-18,343,A
USGS,13309220,2001-08-19,333,A
USGS,13309220,2001-08-20,331,A
USGS,13309220,2001-08-21,325,A
USGS,13309220,2001-08-22,325,A
USGS,13309220,2001-08-23,323,A
USGS,13309220,2001-08-24,319,A
USGS,13309220,2001-08-25,318,A
USGS,13309220,2001-08-26,314,A
USGS,13309220,2001-08-27,309,A
USGS,13309220,2001-08-28,303,A
USGS,13309220,2001-08-29,302,A
USGS,13309220,2001-08-30,302,A
USGS,13309220,2001-08-31,302,A
USGS,13309220,2001-09-01,300,A
USGS,13309220,2001-09-02,296,A
USGS,13309220,2001-09-03,294,A
USGS,13309220,2001-09-04,292,A
USGS,13309220,2001-09-05,298,A
USGS,13309220,2001-09-06,447,A
USGS,13309220,2001-09-07,466,A
USGS,13309220,2001-09-08,397,A
USGS,13309220,2001-09-09,368,A
USGS,13309220,2001-09-10,353,A
USGS,13309220,2001-09-11,341,A
USGS,13309220,2001-09-12,333,A
USGS,13309220,2001-09-13,340,A
USGS,13309220,2001-09-14,467,A
USGS,13309220,2001-09-15,418,A
USGS,13309220,2001-09-16,537,A
USGS,13309220,2001-09-17,442,A
USGS,13309220,2001-09-18,420,A
USGS,13309220,2001-09-19,386,A
USGS,13309220,2001-09-20,364,A
USGS,13309220,2001-09-21,354,A
USGS,13309220,2001-09-22,345,A
USGS,13309220,2001-09-23,343,A
USGS,13309220,2001-09-24,338,A
USGS,13309220,2001-09-25,334,A
USGS,13309220,2001-09-26,342,A
USGS,13309220,2001-09-27,343,A
USGS,13309220,2001-09-28,335,A
USGS,13309220,2001-09-29,331,A
USGS,13309220,2001-09-30,326,A
USGS,13309220,2001-10-01,325,A
USGS,13309220,2001-10-02,320,A
USGS,13309220,2001-10-03,318,A
USGS,13309220,2001-10-04,318,A
USGS,13309220,2001-10-05,317,A
USGS,13309220,2001-10-06,318,A
USGS,13309220,2001-10-07,317,A
USGS,13309220,2001-10-08,318,A
USGS,13309220,2001-10-09,333,A
USGS,13309220,2001-10-10,331,A
USGS,13309220,2001-10-11,387,A
USGS,13309220,2001-10-12,395,A
USGS,13309220,2001-10-13,383,A
USGS,13309220,2001-10-14,420,A
USGS,13309220,2001-10-15,441,A
USGS,13309220,2001-10-16,411,A
USGS,13309220,2001-10-17,400,A
USGS,13309220,2001-10-18,391,A
USGS,13309220,2001-10-19,380,A
USGS,13309220,2001-10-20,375,A
USGS,13309220,2001-10-21,367,A
USGS,13309220,2001-10-22,365,A
USGS,13309220,2001-10-23,510,A
USGS,13309220,2001-10-24,554,A
USGS,13309220,2001-10-25,451,A
USGS,13309220,2001-10-26,415,A
USGS,13309220,2001-10-27,404,A
USGS,13309220,2001-10-28,462,A
USGS,13309220,2001-10-29,605,A
USGS,13309220,2001-10-30,595,A
USGS,13309220,2001-10-31,860,A
USGS,13309220,2001-11-01,910,A
USGS,13309220,2001-11-02,726,A
USGS,13309220,2001-11-03,639,A
USGS,13309220,2001-11-04,585,A
USGS,13309220,2001-11-05,547,A
USGS,13309220,2001-11-06,521,A
USGS,13309220,2001-11-07,498,A
USGS,13309220,2001-11-08,458,A
USGS,13309220,2001-11-09,425,A
USGS,13309220,2001-11-10,428,A
USGS,13309220,2001-11-11,437,A
USGS,13309220,2001-11-12,437,A
USGS,13309220,2001-11-13,438,A
USGS,13309220,2001-11-14,431,A
USGS,13309220,2001-11-15,425,A
USGS,13309220,2001-11-16,422,A
USGS,13309220,2001-11-17,421,A
USGS,13309220,2001-11-18,434,A
USGS,13309220,2001-11-19,422,A
USGS,13309220,2001-11-20,413,A
USGS,13309220,2001-11-21,454,A
USGS,13309220,2001-11-22,486,A
USGS,13309220,2001-11-23,466,A
USGS,13309220,2001-11-24,413,A
USGS,13309220,2001-11-25,405,A
USGS,13309220,2001-11-26,421,A
USGS,13309220,2001-11-27,344,A
USGS,13309220,2001-11-28,260,A e
USGS,13309220,2001-11-29,300,A e
USGS,13309220,2001-11-30,451,A
USGS,13309220,2001-12-01,418,A
USGS,13309220,2001-12-02,433,A
USGS,13309220,2001-12-03,432,A
USGS,13309220,2001-12-04,412,A
USGS,13309220,2001-12-05,414,A
USGS,13309220,2001-12-06,413,A
USGS,13309220,2001-12-07,390,A
USGS,13309220,2001-12-08,318,A
USGS,13309220,2001-12-09,360,A e
USGS,13309220,2001-12-10,380,A e
USGS,13309220,2001-12-11,360,A e
USGS,13309220,2001-12-12,360,A e
USGS,13309220,2001-12-13,380,A e
USGS,13309220,2001-12-14,400,A e
USGS,13309220,2001-12-15,360,A e
USGS,13309220,2001-12-16,340,A e
USGS,13309220,2001-12-17,400,A e
USGS,13309220,2001-12-18,340,A e
USGS,13309220,2001-12-19,400,A e
USGS,13309220,2001-12-20,420,A e
USGS,13309220,2001-12-21,400,A e
USGS,13309220,2001-12-22,340,A e
USGS,13309220,2001-12-23,260,A e
USGS,13309220,2001-12-24,190,A e
USGS,13309220,2001-12-25,190,A e
USGS,13309220,2001-12-26,280,A e
USGS,13309220,2001-12-27,380,A e
USGS,13309220,2001-12-28,460,A e
USGS,13309220,2001-12-29,500,A e
USGS,13309220,2001-12-30,400,A e
USGS,13309220,2001-12-31,420,A e
USGS,13309220,2002-01-01,400,A e
USGS,13309220,2002-01-02,380,A e
USGS,13309220,2002-01-03,400,A e
USGS,13309220,2002-01-04,360,A e
USGS,13309220,2002-01-05,340,A e
USGS,13309220,2002-01-06,340,A e
USGS,13309220,2002-01-07,400,A e
USGS,13309220,2002-01-08,500,A e
USGS,13309220,2002-01-09,500,A e
USGS,13309220,2002-01-10,440,A e
USGS,13309220,2002-01-11,400,A e
USGS,13309220,2002-01-12,400,A e
USGS,13309220,2002-01-13,380,A e
USGS,13309220,2002-01-14,360,A e
USGS,13309220,2002-01-15,340,A e
USGS,13309220,2002-01-16,300,A e
USGS,13309220,2002-01-17,300,A e
USGS,13309220,2002-01-18,300,A e
USGS,13309220,2002-01-19,320,A e
USGS,13309220,2002-01-20,320,A e
USGS,13309220,2002-01-21,340,A e
USGS,13309220,2002-01-22,320,A e
USGS,13309220,2002-01-23,320,A e
USGS,13309220,2002-01-24,340,A e
USGS,13309220,2002-01-25,360,A e
USGS,13309220,2002-01-26,380,A e
USGS,13309220,2002-01-27,340,A e
USGS,13309220,2002-01-28,280,A e
USGS,13309220,2002-01-29,190,A e
USGS,13309220,2002-01-30,240,A e
USGS,13309220,2002-01-31,360,A e
USGS,13309220,2002-02-01,380,A e
USGS,13309220,2002-02-02,360,A e
USGS,13309220,2002-02-03,320,A e
USGS,13309220,2002-02-04,280,A e
USGS,13309220,2002-02-05,280,A e
USGS,13309220,2002-02-06,320,A e
USGS,13309220,2002-02-07,380,A e
USGS,13309220,2002-02-08,400,A e
USGS,13309220,2002-02-09,380,A e
USGS,13309220,2002-02-10,340,A e
USGS,13309220,2002-02-11,360,A e
USGS,13309220,2002-02-12,320,A e
USGS,13309220,2002-02-13,320,A e
USGS,13309220,2002-02-14,340,A e
USGS,13309220,2002-02-15,320,A e
USGS,13309220,2002-02-16,320,A e
USGS,13309220,2002-02-17,360,A e
USGS,13309220,2002-02-18,360,A e
USGS,13309220,2002-02-19,360,A e
USGS,13309220,2002-02-20,360,A e
USGS,13309220,2002-02-21,340,A e
USGS,13309220,2002-02-22,360,A e
USGS,13309220,2002-02-23,400,A e
USGS,13309220,2002-02-24,420,A e
USGS,13309220,2002-02-25,340,A e
USGS,13309220,2002-02-26,260,A e
USGS,13309220,2002-02-27,340,A e
USGS,13309220,2002-02-28,400,A e
USGS,13309220,2002-03-01,340,A e
USGS,13309220,2002-03-02,300,A e
USGS,13309220,2002-03-03,260,A e
USGS,13309220,2002-03-04,320,A e
USGS,13309220,2002-03-05,360,A e
USGS,13309220,2002-03-06,360,A e
USGS,13309220,2002-03-07,400,A e
USGS,13309220,2002-03-08,340,A e
USGS,13309220,2002-03-09,340,A e
USGS,13309220,2002-03-10,360,A e
USGS,13309220,2002-03-11,360,A e
USGS,13309220,2002-03-12,407,A
USGS,13309220,2002-03-13,377,A
USGS,13309220,2002-03-14,356,A
USGS,13309220,2002-03-15,320,A e
USGS,13309220,2002-03-16,320,A e
USGS,13309220,2002-03-17,320,A e
USGS,13309220,2002-03-18,300,A e
USGS,13309220,2002-03-19,358,A
USGS,13309220,2002-03-20,355,A
USGS,13309220,2002-03-21,355,A
USGS,13309220,2002-03-22,398,A
USGS,13309220,2002-03-23,470,A
USGS,13309220,2002-03-24,519,A
USGS,13309220,2002-03-25,516,A
USGS,13309220,2002-03-26,548,A
USGS,13309220,2002-03-27,525,A
USGS,13309220,2002-03-28,548,A
USGS,13309220,2002-03-29,548,A
USGS,13309220,2002-03-30,562,A
USGS,13309220,2002-03-31,722,A
USGS,13309220,2002-04-01,880,A
USGS,13309220,2002-04-02,1030,A
USGS,13309220,2002-04-03,973,A
USGS,13309220,2002-04-04,1050,A
USGS,13309220,2002-04-05,1180,A
USGS,13309220,2002-04-06,1350,A
USGS,13309220,2002-04-07,1500,A
USGS,13309220,2002-04-08,1290,A
USGS,13309220,2002-04-09,1290,A
USGS,13309220,2002-04-10,1320,A
USGS,13309220,2002-04-11,1270,A
USGS,13309220,2002-04-12,1210,A
USGS,13309220,2002-04-13,1380,A
USGS,13309220,2002-04-14,2420,A
USGS,13309220,2002-04-15,3470,A
USGS,13309220,2002-04-16,2560,A
USGS,13309220,2002-04-17,2050,A
USGS,13309220,2002-04-18,1720,A
USGS,13309220,2002-04-19,1510,A
USGS,13309220,2002-04-20,1410,A
USGS,13309220,2002-04-21,1350,A
USGS,13309220,2002-04-22,1330,A
USGS,13309220,2002-04-23,1490,A
USGS,13309220,2002-04-24,1460,A
USGS,13309220,2002-04-25,1490,A
USGS,13309220,2002-04-26,1640,A
USGS,13309220,2002-04-27,1700,A
USGS,13309220,2002-04-28,1700,A
USGS,13309220,2002-04-29,1770,A
USGS,13309220,2002-04-30,2060,A
USGS,13309220,2002-05-01,2250,A
USGS,13309220,2002-05-02,2520,A
USGS,13309220,2002-05-03,2840,A
USGS,13309220,2002-05-04,2860,A
USGS,13309220,2002-05-05,2950,A
USGS,13309220,2002-05-06,2640,A
USGS,13309220,2002-05-07,2500,A
USGS,13309220,2002-05-08,2200,A
USGS,13309220,2002-05-09,2010,A
USGS,13309220,2002-05-10,1860,A
USGS,13309220,2002-05-11,1870,A
USGS,13309220,2002-05-12,2040,A
USGS,13309220,2002-05-13,2420,A
USGS,13309220,2002-05-14,2970,A
USGS,13309220,2002-05-15,3520,A
USGS,13309220,2002-05-16,3400,A
USGS,13309220,2002-05-17,3570,A
USGS,13309220,2002-05-18,3900,A
USGS,13309220,2002-05-19,5070,A
USGS,13309220,2002-05-20,6310,A
USGS,13309220,2002-05-21,6100,A
USGS,13309220,2002-05-22,5170,A
USGS,13309220,2002-05-23,4210,A
USGS,13309220,2002-05-24,3620,A
USGS,13309220,2002-05-25,3420,A
USGS,13309220,2002-05-26,3480,A
USGS,13309220,2002-05-27,3770,A
USGS,13309220,2002-05-28,4340,A
USGS,13309220,2002-05-29,5190,A
USGS,13309220,2002-05-30,6320,A
USGS,13309220,2002-05-31,6790,A
USGS,13309220,2002-06-01,6760,A
USGS,13309220,2002-06-02,6450,A
USGS,13309220,2002-06-03,5690,A
USGS,13309220,2002-06-04,5060,A
USGS,13309220,2002-06-05,4660,A
USGS,13309220,2002-06-06,4660,A
USGS,13309220,2002-06-07,4550,A
USGS,13309220,2002-06-08,4200,A
USGS,13309220,2002-06-09,3760,A
USGS,13309220,2002-06-10,3400,A
USGS,13309220,2002-06-11,3080,A
USGS,13309220,2002-06-12,2790,A
USGS,13309220,2002-06-13,2640,A
USGS,13309220,2002-06-14,2670,A
USGS,13309220,2002-06-15,2850,A
USGS,13309220,2002-06-16,3020,A
USGS,13309220,2002-06-17,3150,A
USGS,13309220,2002-06-18,3280,A
USGS,13309220,2002-06-19,3320,A
USGS,13309220,2002-06-20,2840,A
USGS,13309220,2002-06-21,2620,A
USGS,13309220,2002-06-22,2870,A
USGS,13309220,2002-06-23,2750,A
USGS,13309220,2002-06-24,2540,A
USGS,13309220,2002-06-25,2380,A
USGS,13309220,2002-06-26,2260,A
USGS,13309220,2002-06-27,2150,A
USGS,13309220,2002-06-28,2020,A
USGS,13309220,2002-06-29,1920,A
USGS,13309220,2002-06-30,1810,A
USGS,13309220,2002-07-01,1680,A
USGS,13309220,2002-07-02,1580,A
USGS,13309220,2002-07-03,1500,A
USGS,13309220,2002-07-04,1440,A
USGS,13309220,2002-07-05,1370,A
USGS,13309220,2002-07-06,1320,A
USGS,13309220,2002-07-07,1280,A
USGS,13309220,2002-07-08,1320,A
USGS,13309220,2002-07-09,1240,A
USGS,13309220,2002-07-10,1170,A
USGS,13309220,2002-07-11,1130,A
USGS,13309220,2002-07-12,1090,A
USGS,13309220,2002-07-13,1060,A
USGS,13309220,2002-07-14,1020,A
USGS,13309220,2002-07-15,1000,A
USGS,13309220,2002-07-16,1010,A
USGS,13309220,2002-07-17,990,A
USGS,13309220,2002-07-18,962,A
USGS,13309220,2002-07-19,1030,A
USGS,13309220,2002-07-20,1000,A
USGS,13309220,2002-07-21,937,A
USGS,13309220,2002-07-22,890,A
USGS,13309220,2002-07-23,897,A
USGS,13309220,2002-07-24,865,A
USGS,13309220,2002-07-25,831,A
USGS,13309220,2002-07-26,812,A
USGS,13309220,2002-07-27,792,A
USGS,13309220,2002-07-28,774,A
USGS,13309220,2002-07-29,759,A
USGS,13309220,2002-07-30,743,A
USGS,13309220,2002-07-31,723,A
USGS,13309220,2002-08-01,708,A
USGS,13309220,2002-08-02,698,A
USGS,13309220,2002-08-03,686,A
USGS,13309220,2002-08-04,681,A
USGS,13309220,2002-08-05,671,A
USGS,13309220,2002-08-06,663,A
USGS,13309220,2002-08-07,648,A
USGS,13309220,2002-08-08,647,A
USGS,13309220,2002-08-09,642,A
USGS,13309220,2002-08-10,633,A
USGS,13309220,2002-08-11,617,A
USGS,13309220,2002-08-12,604,A
USGS,13309220,2002-08-13,597,A
USGS,13309220,2002-08-14,588,A
USGS,13309220,2002-08-15,577,A
USGS,13309220,2002-08-16,567,A
USGS,13309220,2002-08-17,557,A
USGS,13309220,2002-08-18,552,A
USGS,13309220,2002-08-19,552,A
USGS,13309220,2002-08-20,545,A
USGS,13309220,2002-08-21,543,A
USGS,13309220,2002-08-22,562,A
USGS,13309220,2002-08-23,553,A
USGS,13309220,2002-08-24,557,A
USGS,13309220,2002-08-25,550,A
USGS,13309220,2002-08-26,536,A
USGS,13309220,2002-08-27,560,A
USGS,13309220,2002-08-28,598,A
USGS,13309220,2002-08-29,623,A
USGS,13309220,2002-08-30,614,A
USGS,13309220,2002-08-31,575,A
USGS,13309220,2002-09-01,546,A
USGS,13309220,2002-09-02,532,A
USGS,13309220,2002-09-03,522,A
USGS,13309220,2002-09-04,502,A
USGS,13309220,2002-09-05,497,A
USGS,13309220,2002-09-06,499,A
USGS,13309220,2002-09-07,545,A
USGS,13309220,2002-09-08,567,A
USGS,13309220,2002-09-09,537,A
USGS,13309220,2002-09-10,516,A
USGS,13309220,2002-09-11,505,A
USGS,13309220,2002-09-12,494,A
USGS,13309220,2002-09-13,486,A
USGS,13309220,2002-09-14,474,A
USGS,13309220,2002-09-15,467,A
USGS,13309220,2002-09-16,461,A
USGS,13309220,2002-09-17,472,A
USGS,13309220,2002-09-18,524,A
USGS,13309220,2002-09-19,503,A
USGS,13309220,2002-09-20,484,A
USGS,13309220,2002-09-21,472,A
USGS,13309220,2002-09-22,467,A
USGS,13309220,2002-09-23,465,A
USGS,13309220,2002-09-24,459,A
USGS,13309220,2002-09-25,456,A
USGS,13309220,2002-09-26,452,A
USGS,13309220,2002-09-27,456,A
USGS,13309220,2002-09-28,480,A
USGS,13309220,2002-09-29,472,A
USGS,13309220,2002-09-30,483,A
USGS,13309220,2002-10-01,484,A
USGS,13309220,2002-10-02,478,A
USGS,13309220,2002-10-03,472,A
USGS,13309220,2002-10-04,477,A
USGS,13309220,2002-10-05,469,A
USGS,13309220,2002-10-06,461,A
USGS,13309220,2002-10-07,457,A
USGS,13309220,2002-10-08,453,A
USGS,13309220,2002-10-09,450,A
USGS,13309220,2002-10-10,446,A
USGS,13309220,2002-10-11,442,A
USGS,13309220,2002-10-12,434,A
USGS,13309220,2002-10-13,434,A
USGS,13309220,2002-10-14,437,A
USGS,13309220,2002-10-15,438,A
USGS,13309220,2002-10-16,442,A
USGS,13309220,2002-10-17,440,A
USGS,13309220,2002-10-18,434,A
USGS,13309220,2002-10-19,429,A
USGS,13309220,2002-10-20,427,A
USGS,13309220,2002-10-21,430,A
USGS,13309220,2002-10-22,430,A
USGS,13309220,2002-10-23,451,A
USGS,13309220,2002-10-24,452,A
USGS,13309220,2002-10-25,435,A
USGS,13309220,2002-10-26,415,A
USGS,13309220,2002-10-27,412,A
USGS,13309220,2002-10-28,429,A
USGS,13309220,2002-10-29,434,A
USGS,13309220,2002-10-30,424,A
USGS,13309220,2002-10-31,376,A
USGS,13309220,2002-11-01,308,A
USGS,13309220,2002-11-02,332,A
USGS,13309220,2002-11-03,375,A
USGS,13309220,2002-11-04,408,A
USGS,13309220,2002-11-05,421,A
USGS,13309220,2002-11-06,437,A
USGS,13309220,2002-11-07,460,A
USGS,13309220,2002-11-08,511,A
USGS,13309220,2002-11-09,479,A
USGS,13309220,2002-11-10,471,A
USGS,13309220,2002-11-11,454,A
USGS,13309220,2002-11-12,437,A
USGS,13309220,2002-11-13,457,A
USGS,13309220,2002-11-14,450,A
USGS,13309220,2002-11-15,414,A
USGS,13309220,2002-11-16,408,A
USGS,13309220,2002-11-17,450,A
USGS,13309220,2002-11-18,414,A
USGS,13309220,2002-11-19,423,A
USGS,13309220,2002-11-20,446,A
USGS,13309220,2002-11-21,447,A
USGS,13309220,2002-11-22,445,A
USGS,13309220,2002-11-23,458,A
USGS,13309220,2002-11-24,465,A
USGS,13309220,2002-11-25,373,A
USGS,13309220,2002-11-26,312,A
USGS,13309220,2002-11-27,368,A
USGS,13309220,2002-11-28,386,A
USGS,13309220,2002-11-29,423,A
USGS,13309220,2002-11-30,440,A
USGS,13309220,2002-12-01,429,A
USGS,13309220,2002-12-02,399,A
USGS,13309220,2002-12-03,391,A
USGS,13309220,2002-12-04,394,A
USGS,13309220,2002-12-05,441,A
USGS,13309220,2002-12-06,376,A
USGS,13309220,2002-12-07,298,A
USGS,13309220,2002-12-08,260,A e
USGS,13309220,2002-12-09,325,A
USGS,13309220,2002-12-10,430,A
USGS,13309220,2002-12-11,505,A
USGS,13309220,2002-12-12,496,A
USGS,13309220,2002-12-13,455,A
USGS,13309220,2002-12-14,464,A
USGS,13309220,2002-12-15,506,A
USGS,13309220,2002-12-16,464,A
USGS,13309220,2002-12-17,430,A
USGS,13309220,2002-12-18,352,A
USGS,13309220,2002-12-19,320,A e
USGS,13309220,2002-12-20,320,A e
USGS,13309220,2002-12-21,436,A
USGS,13309220,2002-12-22,418,A
USGS,13309220,2002-12-23,375,A
USGS,13309220,2002-12-24,357,A
USGS,13309220,2002-12-25,352,A
USGS,13309220,2002-12-26,340,A e
USGS,13309220,2002-12-27,400,A e
USGS,13309220,2002-12-28,540,A
USGS,13309220,2002-12-29,511,A
USGS,13309220,2002-12-30,415,A
USGS,13309220,2002-12-31,428,A
USGS,13309220,2003-01-01,385,A
USGS,13309220,2003-01-02,403,A
USGS,13309220,2003-01-03,428,A
USGS,13309220,2003-01-04,425,A
USGS,13309220,2003-01-05,427,A
USGS,13309220,2003-01-06,348,A
USGS,13309220,2003-01-07,301,A
USGS,13309220,2003-01-08,280,A e
USGS,13309220,2003-01-09,280,A e
USGS,13309220,2003-01-10,300,A e
USGS,13309220,2003-01-11,340,A e
USGS,13309220,2003-01-12,360,A e
USGS,13309220,2003-01-13,420,A e
USGS,13309220,2003-01-14,453,A
USGS,13309220,2003-01-15,445,A
USGS,13309220,2003-01-16,380,A
USGS,13309220,2003-01-17,374,A
USGS,13309220,2003-01-18,324,A
USGS,13309220,2003-01-19,280,A e
USGS,13309220,2003-01-20,340,A e
USGS,13309220,2003-01-21,457,A
USGS,13309220,2003-01-22,426,A
USGS,13309220,2003-01-23,458,A
USGS,13309220,2003-01-24,424,A
USGS,13309220,2003-01-25,411,A
USGS,13309220,2003-01-26,442,A
USGS,13309220,2003-01-27,855,A
USGS,13309220,2003-01-28,780,A
USGS,13309220,2003-01-29,601,A
USGS,13309220,2003-01-30,626,A
USGS,13309220,2003-01-31,746,A
USGS,13309220,2003-02-01,1350,A
USGS,13309220,2003-02-02,1140,A
USGS,13309220,2003-02-03,870,A
USGS,13309220,2003-02-04,759,A
USGS,13309220,2003-02-05,600,A
USGS,13309220,2003-02-06,529,A
USGS,13309220,2003-02-07,479,A
USGS,13309220,2003-02-08,480,A e
USGS,13309220,2003-02-09,460,A e
USGS,13309220,2003-02-10,460,A e
USGS,13309220,2003-02-11,469,A
USGS,13309220,2003-02-12,443,A
USGS,13309220,2003-02-13,475,A
USGS,13309220,2003-02-14,525,A
USGS,13309220,2003-02-15,483,A
USGS,13309220,2003-02-16,455,A
USGS,13309220,2003-02-17,450,A
USGS,13309220,2003-02-18,432,A
USGS,13309220,2003-02-19,396,A
USGS,13309220,2003-02-20,429,A
USGS,13309220,2003-02-21,419,A
USGS,13309220,2003-02-22,420,A
USGS,13309220,2003-02-23,398,A
USGS,13309220,2003-02-24,260,A e
USGS,13309220,2003-02-25,240,A e
USGS,13309220,2003-02-26,280,A e
USGS,13309220,2003-02-27,300,A e
USGS,13309220,2003-02-28,300,A e
USGS,13309220,2003-03-01,300,A e
USGS,13309220,2003-03-02,340,A e
USGS,13309220,2003-03-03,360,A e
USGS,13309220,2003-03-04,340,A e
USGS,13309220,2003-03-05,340,A e
USGS,13309220,2003-03-06,340,A e
USGS,13309220,2003-03-07,340,A e
USGS,13309220,2003-03-08,355,A
USGS,13309220,2003-03-09,372,A
USGS,13309220,2003-03-10,384,A
USGS,13309220,2003-03-11,421,A
USGS,13309220,2003-03-12,526,A
USGS,13309220,2003-03-13,606,A
USGS,13309220,2003-03-14,829,A
USGS,13309220,2003-03-15,895,A
USGS,13309220,2003-03-16,844,A
USGS,13309220,2003-03-17,757,A
USGS,13309220,2003-03-18,689,A
USGS,13309220,2003-03-19,643,A
USGS,13309220,2003-03-20,673,A
USGS,13309220,2003-03-21,652,A
USGS,13309220,2003-03-22,681,A
USGS,13309220,2003-03-23,1030,A
USGS,13309220,2003-03-24,906,A
USGS,13309220,2003-03-25,833,A
USGS,13309220,2003-03-26,805,A
USGS,13309220,2003-03-27,709,A
USGS,13309220,2003-03-28,638,A
USGS,13309220,2003-03-29,629,A
USGS,13309220,2003-03-30,666,A
USGS,13309220,2003-03-31,771,A
USGS,13309220,2003-04-01,1150,A
USGS,13309220,2003-04-02,1250,A
USGS,13309220,2003-04-03,1060,A
USGS,13309220,2003-04-04,929,A
USGS,13309220,2003-04-05,838,A
USGS,13309220,2003-04-06,791,A
USGS,13309220,2003-04-07,726,A
USGS,13309220,2003-04-08,725,A
USGS,13309220,2003-04-09,860,A
USGS,13309220,2003-04-10,1200,A
USGS,13309220,2003-04-11,1530,A
USGS,13309220,2003-04-12,1940,A
USGS,13309220,2003-04-13,2080,A
USGS,13309220,2003-04-14,1900,A
USGS,13309220,2003-04-15,1650,A
USGS,13309220,2003-04-16,1470,A
USGS,13309220,2003-04-17,1370,A
USGS,13309220,2003-04-18,1310,A
USGS,13309220,2003-04-19,1220,A
USGS,13309220,2003-04-20,1310,A
USGS,13309220,2003-04-21,1560,A
USGS,13309220,2003-04-22,1740,A
USGS,13309220,2003-04-23,2070,A
USGS,13309220,2003-04-24,2130,A
USGS,13309220,2003-04-25,2310,A
USGS,13309220,2003-04-26,2150,A
USGS,13309220,2003-04-27,1860,A
USGS,13309220,2003-04-28,1720,A
USGS,13309220,2003-04-29,1670,A
USGS,13309220,2003-04-30,1680,A
USGS,13309220,2003-05-01,1620,A
USGS,13309220,2003-05-02,1620,A
USGS,13309220,2003-05-03,1730,A
USGS,13309220,2003-05-04,1810,A
USGS,13309220,2003-05-05,1770,A
USGS,13309220,2003-05-06,1670,A
USGS,13309220,2003-05-07,1590,A
USGS,13309220,2003-05-08,1580,A
USGS,13309220,2003-05-09,1640,A
USGS,13309220,2003-05-10,1630,A
USGS,13309220,2003-05-11,1700,A
USGS,13309220,2003-05-12,1830,A
USGS,13309220,2003-05-13,2040,A
USGS,13309220,2003-05-14,2470,A
USGS,13309220,2003-05-15,3200,A
USGS,13309220,2003-05-16,4190,A
USGS,13309220,2003-05-17,4040,A
USGS,13309220,2003-05-18,3660,A
USGS,13309220,2003-05-19,3110,A
USGS,13309220,2003-05-20,3060,A
USGS,13309220,2003-05-21,3250,A
USGS,13309220,2003-05-22,3890,A
USGS,13309220,2003-05-23,5270,A
USGS,13309220,2003-05-24,7310,A
USGS,13309220,2003-05-25,8910,A
USGS,13309220,2003-05-26,9340,A
USGS,13309220,2003-05-27,9610,A
USGS,13309220,2003-05-28,10200,A
USGS,13309220,2003-05-29,11900,A
USGS,13309220,2003-05-30,13400,A
USGS,13309220,2003-05-31,13300,A
USGS,13309220,2003-06-01,10800,A
USGS,13309220,2003-06-02,9390,A
USGS,13309220,2003-06-03,8620,A
USGS,13309220,2003-06-04,7790,A
USGS,13309220,2003-06-05,7120,A
USGS,13309220,2003-06-06,6890,A
USGS,13309220,2003-06-07,7000,A e
USGS,13309220,2003-06-08,7000,A e
USGS,13309220,2003-06-09,7000,A e
USGS,13309220,2003-06-10,6640,A
USGS,13309220,2003-06-11,6140,A
USGS,13309220,2003-06-12,5560,A
USGS,13309220,2003-06-13,5180,A
USGS,13309220,2003-06-14,4830,A
USGS,13309220,2003-06-15,4580,A
USGS,13309220,2003-06-16,4330,A
USGS,13309220,2003-06-17,4240,A
USGS,13309220,2003-06-18,4190,A
USGS,13309220,2003-06-19,3980,A
USGS,13309220,2003-06-20,3980,A
USGS,13309220,2003-06-21,3560,A
USGS,13309220,2003-06-22,3140,A
USGS,13309220,2003-06-23,2840,A
USGS,13309220,2003-06-24,2590,A
USGS,13309220,2003-06-25,2390,A
USGS,13309220,2003-06-26,2250,A
USGS,13309220,2003-06-27,2170,A
USGS,13309220,2003-06-28,2110,A
USGS,13309220,2003-06-29,2040,A
USGS,13309220,2003-06-30,1970,A
USGS,13309220,2003-07-01,1870,A
USGS,13309220,2003-07-02,1780,A
USGS,13309220,2003-07-03,1700,A
USGS,13309220,2003-07-04,1630,A
USGS,13309220,2003-07-05,1560,A
USGS,13309220,2003-07-06,1500,A
USGS,13309220,2003-07-07,1440,A
USGS,13309220,2003-07-08,1420,A
USGS,13309220,2003-07-09,1360,A
USGS,13309220,2003-07-10,1310,A
USGS,13309220,2003-07-11,1260,A
USGS,13309220,2003-07-12,1220,A
USGS,13309220,2003-07-13,1180,A
USGS,13309220,2003-07-14,1150,A
USGS,13309220,2003-07-15,1120,A
USGS,13309220,2003-07-16,1090,A
USGS,13309220,2003-07-17,1060,A
USGS,13309220,2003-07-18,1040,A
USGS,13309220,2003-07-19,1010,A
USGS,13309220,2003-07-20,997,A
USGS,13309220,2003-07-21,966,A
USGS,13309220,2003-07-22,936,A
USGS,13309220,2003-07-23,916,A
USGS,13309220,2003-07-24,909,A
USGS,13309220,2003-07-25,925,A
USGS,13309220,2003-07-26,929,A
USGS,13309220,2003-07-27,941,A
USGS,13309220,2003-07-28,887,A
USGS,13309220,2003-07-29,857,A
USGS,13309220,2003-07-30,832,A
USGS,13309220,2003-07-31,806,A
USGS,13309220,2003-08-01,784,A
USGS,13309220,2003-08-02,771,A
USGS,13309220,2003-08-03,797,A
USGS,13309220,2003-08-04,839,A
USGS,13309220,2003-08-05,795,A
USGS,13309220,2003-08-06,785,A
USGS,13309220,2003-08-07,757,A
USGS,13309220,2003-08-08,733,A
USGS,13309220,2003-08-09,716,A
USGS,13309220,2003-08-10,694,A
USGS,13309220,2003-08-11,677,A
USGS,13309220,2003-08-12,666,A
USGS,13309220,2003-08-13,659,A
USGS,13309220,2003-08-14,646,A
USGS,13309220,2003-08-15,639,A
USGS,13309220,2003-08-16,650,A
USGS,13309220,2003-08-17,631,A
USGS,13309220,2003-08-18,628,A
USGS,13309220,2003-08-19,617,A
USGS,13309220,2003-08-20,604,A
USGS,13309220,2003-08-21,590,A
USGS,13309220,2003-08-22,626,A
USGS,13309220,2003-08-23,816,A
USGS,13309220,2003-08-24,715,A
USGS,13309220,2003-08-25,642,A
USGS,13309220,2003-08-26,615,A
USGS,13309220,2003-08-27,645,A
USGS,13309220,2003-08-28,637,A
USGS,13309220,2003-08-29,605,A
USGS,13309220,2003-08-30,587,A
USGS,13309220,2003-08-31,578,A
USGS,13309220,2003-09-01,567,A
USGS,13309220,2003-09-02,558,A
USGS,13309220,2003-09-03,549,A
USGS,13309220,2003-09-04,542,A
USGS,13309220,2003-09-05,544,A
USGS,13309220,2003-09-06,569,A
USGS,13309220,2003-09-07,577,A
USGS,13309220,2003-09-08,588,A
USGS,13309220,2003-09-09,611,A
USGS,13309220,2003-09-10,605,A
USGS,13309220,2003-09-11,585,A
USGS,13309220,2003-09-12,565,A
USGS,13309220,2003-09-13,548,A
USGS,13309220,2003-09-14,542,A
USGS,13309220,2003-09-15,532,A
USGS,13309220,2003-09-16,530,A
USGS,13309220,2003-09-17,527,A
USGS,13309220,2003-09-18,533,A
USGS,13309220,2003-09-19,534,A
USGS,13309220,2003-09-20,523,A
USGS,13309220,2003-09-21,514,A
USGS,13309220,2003-09-22,507,A
USGS,13309220,2003-09-23,501,A
USGS,13309220,2003-09-24,494,A
USGS,13309220,2003-09-25,488,A
USGS,13309220,2003-09-26,483,A
USGS,13309220,2003-09-27,481,A
USGS,13309220,2003-09-28,478,A
USGS,13309220,2003-09-29,474,A
USGS,13309220,2003-09-30,471,A
USGS,13309220,2003-10-01,468,A
USGS,13309220,2003-10-02,468,A
USGS,13309220,2003-10-03,469,A
USGS,13309220,2003-10-04,474,A
USGS,13309220,2003-10-05,466,A
USGS,13309220,2003-10-06,466,A
USGS,13309220,2003-10-07,463,A
USGS,13309220,2003-10-08,460,A
USGS,13309220,2003-10-09,455,A
USGS,13309220,2003-10-10,454,A
USGS,13309220,2003-10-11,458,A
USGS,13309220,2003-10-12,487,A
USGS,13309220,2003-10-13,489,A
USGS,13309220,2003-10-14,479,A
USGS,13309220,2003-10-15,475,A
USGS,13309220,2003-10-16,505,A
USGS,13309220,2003-10-17,513,A
USGS,13309220,2003-10-18,505,A
USGS,13309220,2003-10-19,483,A
USGS,13309220,2003-10-20,468,A
USGS,13309220,2003-10-21,461,A
USGS,13309220,2003-10-22,458,A
USGS,13309220,2003-10-23,451,A
USGS,13309220,2003-10-24,444,A
USGS,13309220,2003-10-25,440,A
USGS,13309220,2003-10-26,444,A
USGS,13309220,2003-10-27,451,A
USGS,13309220,2003-10-28,452,A
USGS,13309220,2003-10-29,477,A
USGS,13309220,2003-10-30,477,A
USGS,13309220,2003-10-31,430,A
USGS,13309220,2003-11-01,380,A
USGS,13309220,2003-11-02,403,A
USGS,13309220,2003-11-03,464,A
USGS,13309220,2003-11-04,439,A
USGS,13309220,2003-11-05,333,A
USGS,13309220,2003-11-06,334,A
USGS,13309220,2003-11-07,364,A
USGS,13309220,2003-11-08,458,A
USGS,13309220,2003-11-09,509,A
USGS,13309220,2003-11-10,500,A
USGS,13309220,2003-11-11,493,A
USGS,13309220,2003-11-12,451,A
USGS,13309220,2003-11-13,399,A
USGS,13309220,2003-11-14,410,A
USGS,13309220,2003-11-15,456,A
USGS,13309220,2003-11-16,493,A
USGS,13309220,2003-11-17,480,A
USGS,13309220,2003-11-18,458,A
USGS,13309220,2003-11-19,459,A
USGS,13309220,2003-11-20,477,A
USGS,13309220,2003-11-21,416,A
USGS,13309220,2003-11-22,333,A
USGS,13309220,2003-11-23,364,A
USGS,13309220,2003-11-24,438,A
USGS,13309220,2003-11-25,419,A
USGS,13309220,2003-11-26,459,A
USGS,13309220,2003-11-27,429,A
USGS,13309220,2003-11-28,415,A
USGS,13309220,2003-11-29,489,A
USGS,13309220,2003-11-30,494,A
USGS,13309220,2003-12-01,475,A
USGS,13309220,2003-12-02,469,A
USGS,13309220,2003-12-03,459,A
USGS,13309220,2003-12-04,444,A
USGS,13309220,2003-12-05,440,A
USGS,13309220,2003-12-06,576,A
USGS,13309220,2003-12-07,645,A
USGS,13309220,2003-12-08,529,A
USGS,13309220,2003-12-09,439,A
USGS,13309220,2003-12-10,476,A
USGS,13309220,2003-12-11,482,A
USGS,13309220,2003-12-12,469,A
USGS,13309220,2003-12-13,480,A
USGS,13309220,2003-12-14,517,A
USGS,13309220,2003-12-15,422,A
USGS,13309220,2003-12-16,355,A
USGS,13309220,2003-12-17,445,A
USGS,13309220,2003-12-18,393,A
USGS,13309220,2003-12-19,329,A
USGS,13309220,2003-12-20,421,A
USGS,13309220,2003-12-21,529,A
USGS,13309220,2003-12-22,448,A
USGS,13309220,2003-12-23,344,A
USGS,13309220,2003-12-24,432,A
USGS,13309220,2003-12-25,503,A
USGS,13309220,2003-12-26,432,A
USGS,13309220,2003-12-27,386,A
USGS,13309220,2003-12-28,362,A
USGS,13309220,2003-12-29,444,A
USGS,13309220,2003-12-30,413,A
USGS,13309220,2003-12-31,414,A
USGS,13309220,2004-01-01,420,A e
USGS,13309220,2004-01-02,403,A
USGS,13309220,2004-01-03,400,A e
USGS,13309220,2004-01-04,320,A e
USGS,13309220,2004-01-05,280,A e
USGS,13309220,2004-01-06,320,A e
USGS,13309220,2004-01-07,420,A e
USGS,13309220,2004-01-08,440,A e
USGS,13309220,2004-01-09,440,A e
USGS,13309220,2004-01-10,420,A e
USGS,13309220,2004-01-11,420,A e
USGS,13309220,2004-01-12,414,A
USGS,13309220,2004-01-13,405,A
USGS,13309220,2004-01-14,402,A
USGS,13309220,2004-01-15,387,A
USGS,13309220,2004-01-16,451,A
USGS,13309220,2004-01-17,405,A
USGS,13309220,2004-01-18,394,A
USGS,13309220,2004-01-19,466,A
USGS,13309220,2004-01-20,449,A
USGS,13309220,2004-01-21,320,A e
USGS,13309220,2004-01-22,320,A e
USGS,13309220,2004-01-23,400,A e
USGS,13309220,2004-01-24,440,A e
USGS,13309220,2004-01-25,450,A
USGS,13309220,2004-01-26,433,A
USGS,13309220,2004-01-27,440,A
USGS,13309220,2004-01-28,434,A
USGS,13309220,2004-01-29,430,A
USGS,13309220,2004-01-30,443,A
USGS,13309220,2004-01-31,401,A
USGS,13309220,2004-02-01,406,A
USGS,13309220,2004-02-02,344,A
USGS,13309220,2004-02-03,426,A
USGS,13309220,2004-02-04,438,A
USGS,13309220,2004-02-05,415,A
USGS,13309220,2004-02-06,377,A
USGS,13309220,2004-02-07,443,A
USGS,13309220,2004-02-08,425,A
USGS,13309220,2004-02-09,420,A
USGS,13309220,2004-02-10,400,A
USGS,13309220,2004-02-11,395,A
USGS,13309220,2004-02-12,320,A e
USGS,13309220,2004-02-13,320,A e
USGS,13309220,2004-02-14,340,A e
USGS,13309220,2004-02-15,400,A e
USGS,13309220,2004-02-16,418,A
USGS,13309220,2004-02-17,450,A
USGS,13309220,2004-02-18,533,A
USGS,13309220,2004-02-19,517,A
USGS,13309220,2004-02-20,461,A
USGS,13309220,2004-02-21,434,A
USGS,13309220,2004-02-22,411,A
USGS,13309220,2004-02-23,439,A
USGS,13309220,2004-02-24,454,A
USGS,13309220,2004-02-25,408,A
USGS,13309220,2004-02-26,405,A
USGS,13309220,2004-02-27,396,A
USGS,13309220,2004-02-28,397,A
USGS,13309220,2004-02-29,397,A
USGS,13309220,2004-03-01,393,A
USGS,13309220,2004-03-02,394,A
USGS,13309220,2004-03-03,371,A
USGS,13309220,2004-03-04,399,A
USGS,13309220,2004-03-05,375,A
USGS,13309220,2004-03-06,385,A
USGS,13309220,2004-03-07,376,A
USGS,13309220,2004-03-08,394,A
USGS,13309220,2004-03-09,465,A
USGS,13309220,2004-03-10,575,A
USGS,13309220,2004-03-11,621,A
USGS,13309220,2004-03-12,650,A
USGS,13309220,2004-03-13,758,A
USGS,13309220,2004-03-14,732,A
USGS,13309220,2004-03-15,677,A
USGS,13309220,2004-03-16,687,A
USGS,13309220,2004-03-17,720,A
USGS,13309220,2004-03-18,810,A
USGS,13309220,2004-03-19,984,A
USGS,13309220,2004-03-20,1000,A e
USGS,13309220,2004-03-21,1000,A e
USGS,13309220,2004-03-22,1100,A e
USGS,13309220,2004-03-23,1300,A e
USGS,13309220,2004-03-24,1400,A e
USGS,13309220,2004-03-25,1300,A e
USGS,13309220,2004-03-26,1200,A e
USGS,13309220,2004-03-27,1200,A e
USGS,13309220,2004-03-28,1100,A e
USGS,13309220,2004-03-29,1000,A e
USGS,13309220,2004-03-30,1100,A e
USGS,13309220,2004-03-31,1300,A e
USGS,13309220,2004-04-01,1300,A e
USGS,13309220,2004-04-02,1300,A e
USGS,13309220,2004-04-03,1300,A e
USGS,13309220,2004-04-04,1400,A e
USGS,13309220,2004-04-05,1700,A e
USGS,13309220,2004-04-06,2000,A e
USGS,13309220,2004-04-07,2200,A e
USGS,13309220,2004-04-08,2400,A e
USGS,13309220,2004-04-09,2300,A e
USGS,13309220,2004-04-10,2200,A e
USGS,13309220,2004-04-11,2000,A e
USGS,13309220,2004-04-12,2100,A e
USGS,13309220,2004-04-13,2170,A
USGS,13309220,2004-04-14,2410,A
USGS,13309220,2004-04-15,2190,A
USGS,13309220,2004-04-16,1900,A
USGS,13309220,2004-04-17,1740,A
USGS,13309220,2004-04-18,1600,A
USGS,13309220,2004-04-19,1530,A
USGS,13309220,2004-04-20,1480,A
USGS,13309220,2004-04-21,1380,A
USGS,13309220,2004-04-22,1330,A
USGS,13309220,2004-04-23,1310,A
USGS,13309220,2004-04-24,1400,A
USGS,13309220,2004-04-25,1500,A
USGS,13309220,2004-04-26,1660,A
USGS,13309220,2004-04-27,1980,A
USGS,13309220,2004-04-28,2430,A
USGS,13309220,2004-04-29,2260,A
USGS,13309220,2004-04-30,2150,A
USGS,13309220,2004-05-01,2280,A
USGS,13309220,2004-05-02,2610,A
USGS,13309220,2004-05-03,3110,A
USGS,13309220,2004-05-04,3700,A
USGS,13309220,2004-05-05,4210,A
USGS,13309220,2004-05-06,4270,A
USGS,13309220,2004-05-07,4120,A
USGS,13309220,2004-05-08,4000,A
USGS,13309220,2004-05-09,3740,A
USGS,13309220,2004-05-10,3450,A
USGS,13309220,2004-05-11,3440,A
USGS,13309220,2004-05-12,3070,A
USGS,13309220,2004-05-13,2690,A
USGS,13309220,2004-05-14,2430,A
USGS,13309220,2004-05-15,2270,A
USGS,13309220,2004-05-16,2560,A
USGS,13309220,2004-05-17,2660,A
USGS,13309220,2004-05-18,2980,A
USGS,13309220,2004-05-19,3570,A
USGS,13309220,2004-05-20,3330,A
USGS,13309220,2004-05-21,3300,A
USGS,13309220,2004-05-22,3640,A
USGS,13309220,2004-05-23,3780,A
USGS,13309220,2004-05-24,3810,A
USGS,13309220,2004-05-25,3480,A
USGS,13309220,2004-05-26,3300,A
USGS,13309220,2004-05-27,3580,A
USGS,13309220,2004-05-28,4170,A
USGS,13309220,2004-05-29,4560,A
USGS,13309220,2004-05-30,3920,A
USGS,13309220,2004-05-31,3500,A e
USGS,13309220,2004-06-01,3300,A e
USGS,13309220,2004-06-02,3300,A e
USGS,13309220,2004-06-03,3400,A e
USGS,13309220,2004-06-04,3700,A e
USGS,13309220,2004-06-05,4070,A
USGS,13309220,2004-06-06,4240,A
USGS,13309220,2004-06-07,3820,A
USGS,13309220,2004-06-08,3440,A
USGS,13309220,2004-06-09,3350,A
USGS,13309220,2004-06-10,3350,A
USGS,13309220,2004-06-11,3220,A
USGS,13309220,2004-06-12,2880,A
USGS,13309220,2004-06-13,2670,A
USGS,13309220,2004-06-14,2540,A
USGS,13309220,2004-06-15,2450,A
USGS,13309220,2004-06-16,2340,A
USGS,13309220,2004-06-17,2220,A
USGS,13309220,2004-06-18,2150,A
USGS,13309220,2004-06-19,2200,A
USGS,13309220,2004-06-20,2130,A
USGS,13309220,2004-06-21,2010,A
USGS,13309220,2004-06-22,1930,A
USGS,13309220,2004-06-23,1890,A
USGS,13309220,2004-06-24,1860,A
USGS,13309220,2004-06-25,1840,A
USGS,13309220,2004-06-26,1780,A
USGS,13309220,2004-06-27,1760,A
USGS,13309220,2004-06-28,1760,A
USGS,13309220,2004-06-29,1680,A
USGS,13309220,2004-06-30,1740,A
USGS,13309220,2004-07-01,1660,A
USGS,13309220,2004-07-02,1560,A
USGS,13309220,2004-07-03,1480,A
USGS,13309220,2004-07-04,1400,A
USGS,13309220,2004-07-05,1320,A
USGS,13309220,2004-07-06,1270,A
USGS,13309220,2004-07-07,1220,A
USGS,13309220,2004-07-08,1180,A
USGS,13309220,2004-07-09,1140,A
USGS,13309220,2004-07-10,1110,A
USGS,13309220,2004-07-11,1080,A
USGS,13309220,2004-07-12,1040,A
USGS,13309220,2004-07-13,1010,A
USGS,13309220,2004-07-14,975,A
USGS,13309220,2004-07-15,952,A
USGS,13309220,2004-07-16,941,A
USGS,13309220,2004-07-17,926,A
USGS,13309220,2004-07-18,1020,A
USGS,13309220,2004-07-19,1200,A
USGS,13309220,2004-07-20,1170,A
USGS,13309220,2004-07-21,1040,A
USGS,13309220,2004-07-22,946,A
USGS,13309220,2004-07-23,901,A
USGS,13309220,2004-07-24,876,A
USGS,13309220,2004-07-25,843,A
USGS,13309220,2004-07-26,837,A
USGS,13309220,2004-07-27,835,A
USGS,13309220,2004-07-28,800,A
USGS,13309220,2004-07-29,775,A
USGS,13309220,2004-07-30,753,A
USGS,13309220,2004-07-31,734,A
USGS,13309220,2004-08-01,720,A
USGS,13309220,2004-08-02,714,A
USGS,13309220,2004-08-03,726,A
USGS,13309220,2004-08-04,704,A
USGS,13309220,2004-08-05,681,A
USGS,13309220,2004-08-06,661,A
USGS,13309220,2004-08-07,646,A
USGS,13309220,2004-08-08,640,A
USGS,13309220,2004-08-09,631,A
USGS,13309220,2004-08-10,619,A
USGS,13309220,2004-08-11,606,A
USGS,13309220,2004-08-12,599,A
USGS,13309220,2004-08-13,590,A
USGS,13309220,2004-08-14,584,A
USGS,13309220,2004-08-15,600,A
USGS,13309220,2004-08-16,631,A
USGS,13309220,2004-08-17,736,A
USGS,13309220,2004-08-18,836,A
USGS,13309220,2004-08-19,719,A
USGS,13309220,2004-08-20,663,A
USGS,13309220,2004-08-21,629,A
USGS,13309220,2004-08-22,618,A
USGS,13309220,2004-08-23,744,A
USGS,13309220,2004-08-24,769,A
USGS,13309220,2004-08-25,765,A
USGS,13309220,2004-08-26,922,A
USGS,13309220,2004-08-27,853,A
USGS,13309220,2004-08-28,751,A
USGS,13309220,2004-08-29,693,A
USGS,13309220,2004-08-30,657,A
USGS,13309220,2004-08-31,628,A
USGS,13309220,2004-09-01,608,A
USGS,13309220,2004-09-02,619,A
USGS,13309220,2004-09-03,602,A
USGS,13309220,2004-09-04,588,A
USGS,13309220,2004-09-05,578,A
USGS,13309220,2004-09-06,566,A
USGS,13309220,2004-09-07,558,A
USGS,13309220,2004-09-08,548,A
USGS,13309220,2004-09-09,539,A
USGS,13309220,2004-09-10,530,A
USGS,13309220,2004-09-11,522,A
USGS,13309220,2004-09-12,589,A
USGS,13309220,2004-09-13,739,A
USGS,13309220,2004-09-14,713,A
USGS,13309220,2004-09-15,691,A
USGS,13309220,2004-09-16,674,A
USGS,13309220,2004-09-17,650,A
USGS,13309220,2004-09-18,669,A
USGS,13309220,2004-09-19,780,A
USGS,13309220,2004-09-20,739,A
USGS,13309220,2004-09-21,690,A
USGS,13309220,2004-09-22,655,A
USGS,13309220,2004-09-23,639,A
USGS,13309220,2004-09-24,624,A
USGS,13309220,2004-09-25,603,A
USGS,13309220,2004-09-26,588,A
USGS,13309220,2004-09-27,579,A
USGS,13309220,2004-09-28,569,A
USGS,13309220,2004-09-29,559,A
USGS,13309220,2004-09-30,558,A
USGS,13309220,2004-10-01,550,A
USGS,13309220,2004-10-02,543,A
USGS,13309220,2004-10-03,535,A
USGS,13309220,2004-10-04,530,A
USGS,13309220,2004-10-05,525,A
USGS,13309220,2004-10-06,518,A
USGS,13309220,2004-10-07,531,A
USGS,13309220,2004-10-08,527,A
USGS,13309220,2004-10-09,513,A
USGS,13309220,2004-10-10,508,A
USGS,13309220,2004-10-11,503,A
USGS,13309220,2004-10-12,502,A
USGS,13309220,2004-10-13,499,A
USGS,13309220,2004-10-14,495,A
USGS,13309220,2004-10-15,494,A
USGS,13309220,2004-10-16,492,A
USGS,13309220,2004-10-17,491,A
USGS,13309220,2004-10-18,585,A
USGS,13309220,2004-10-19,598,A
USGS,13309220,2004-10-20,569,A
USGS,13309220,2004-10-21,570,A
USGS,13309220,2004-10-22,565,A
USGS,13309220,2004-10-23,575,A
USGS,13309220,2004-10-24,570,A
USGS,13309220,2004-10-25,518,A
USGS,13309220,2004-10-26,524,A
USGS,13309220,2004-10-27,534,A
USGS,13309220,2004-10-28,578,A
USGS,13309220,2004-10-29,608,A
USGS,13309220,2004-10-30,574,A
USGS,13309220,2004-10-31,554,A
USGS,13309220,2004-11-01,471,A
USGS,13309220,2004-11-02,538,A
USGS,13309220,2004-11-03,575,A
USGS,13309220,2004-11-04,543,A
USGS,13309220,2004-11-05,530,A
USGS,13309220,2004-11-06,530,A
USGS,13309220,2004-11-07,505,A
USGS,13309220,2004-11-08,502,A
USGS,13309220,2004-11-09,538,A
USGS,13309220,2004-11-10,543,A
USGS,13309220,2004-11-11,541,A
USGS,13309220,2004-11-12,534,A
USGS,13309220,2004-11-13,517,A
USGS,13309220,2004-11-14,494,A
USGS,13309220,2004-11-15,484,A
USGS,13309220,2004-11-16,508,A
USGS,13309220,2004-11-17,507,A
USGS,13309220,2004-11-18,481,A
USGS,13309220,2004-11-19,450,A
USGS,13309220,2004-11-20,448,A
USGS,13309220,2004-11-21,349,A
USGS,13309220,2004-11-22,386,A
USGS,13309220,2004-11-23,514,A
USGS,13309220,2004-11-24,488,A
USGS,13309220,2004-11-25,502,A
USGS,13309220,2004-11-26,473,A
USGS,13309220,2004-11-27,414,A
USGS,13309220,2004-11-28,427,A
USGS,13309220,2004-11-29,314,A
USGS,13309220,2004-11-30,260,A e
USGS,13309220,2004-12-01,300,A e
USGS,13309220,2004-12-02,310,A e
USGS,13309220,2004-12-03,300,A e
USGS,13309220,2004-12-04,320,A e
USGS,13309220,2004-12-05,310,A e
USGS,13309220,2004-12-06,400,A e
USGS,13309220,2004-12-07,440,A e
USGS,13309220,2004-12-08,460,A e
USGS,13309220,2004-12-09,485,A
USGS,13309220,2004-12-10,504,A
USGS,13309220,2004-12-11,551,A
USGS,13309220,2004-12-12,578,A
USGS,13309220,2004-12-13,552,A
USGS,13309220,2004-12-14,524,A
USGS,13309220,2004-12-15,515,A
USGS,13309220,2004-12-16,468,A
USGS,13309220,2004-12-17,420,A e
USGS,13309220,2004-12-18,410,A e
USGS,13309220,2004-12-19,410,A e
USGS,13309220,2004-12-20,420,A e
USGS,13309220,2004-12-21,330,A e
USGS,13309220,2004-12-22,360,A e
USGS,13309220,2004-12-23,320,A e
USGS,13309220,2004-12-24,350,A e
USGS,13309220,2004-12-25,400,A e
USGS,13309220,2004-12-26,447,A
USGS,13309220,2004-12-27,404,A
USGS,13309220,2004-12-28,358,A
USGS,13309220,2004-12-29,409,A
USGS,13309220,2004-12-30,508,A
USGS,13309220,2004-12-31,459,A
USGS,13309220,2005-01-01,440,A e
USGS,13309220,2005-01-02,400,A e
USGS,13309220,2005-01-03,330,A e
USGS,13309220,2005-01-04,300,A e
USGS,13309220,2005-01-05,290,A e
USGS,13309220,2005-01-06,350,A e
USGS,13309220,2005-01-07,400,A e
USGS,13309220,2005-01-08,410,A e
USGS,13309220,2005-01-09,400,A e
USGS,13309220,2005-01-10,400,A e
USGS,13309220,2005-01-11,370,A e
USGS,13309220,2005-01-12,350,A e
USGS,13309220,2005-01-13,400,A e
USGS,13309220,2005-01-14,370,A e
USGS,13309220,2005-01-15,350,A e
USGS,13309220,2005-01-16,400,A e
USGS,13309220,2005-01-17,460,A e
USGS,13309220,2005-01-18,538,A
USGS,13309220,2005-01-19,561,A
USGS,13309220,2005-01-20,530,A
USGS,13309220,2005-01-21,497,A
USGS,13309220,2005-01-22,478,A
USGS,13309220,2005-01-23,468,A
USGS,13309220,2005-01-24,449,A
USGS,13309220,2005-01-25,459,A
USGS,13309220,2005-01-26,499,A
USGS,13309220,2005-01-27,495,A
USGS,13309220,2005-01-28,479,A
USGS,13309220,2005-01-29,457,A
USGS,13309220,2005-01-30,432,A
USGS,13309220,2005-01-31,391,A
USGS,13309220,2005-02-01,386,A
USGS,13309220,2005-02-02,371,A
USGS,13309220,2005-02-03,402,A
USGS,13309220,2005-02-04,426,A
USGS,13309220,2005-02-05,445,A
USGS,13309220,2005-02-06,364,A
USGS,13309220,2005-02-07,427,A
USGS,13309220,2005-02-08,376,A
USGS,13309220,2005-02-09,337,A
USGS,13309220,2005-02-10,356,A
USGS,13309220,2005-02-11,335,A
USGS,13309220,2005-02-12,434,A
USGS,13309220,2005-02-13,427,A
USGS,13309220,2005-02-14,392,A
USGS,13309220,2005-02-15,325,A
USGS,13309220,2005-02-16,270,A e
USGS,13309220,2005-02-17,300,A e
USGS,13309220,2005-02-18,350,A e
USGS,13309220,2005-02-19,453,A
USGS,13309220,2005-02-20,421,A
USGS,13309220,2005-02-21,401,A
USGS,13309220,2005-02-22,383,A
USGS,13309220,2005-02-23,376,A
USGS,13309220,2005-02-24,388,A
USGS,13309220,2005-02-25,403,A
USGS,13309220,2005-02-26,414,A
USGS,13309220,2005-02-27,419,A
USGS,13309220,2005-02-28,434,A
USGS,13309220,2005-03-01,438,A
USGS,13309220,2005-03-02,423,A
USGS,13309220,2005-03-03,428,A
USGS,13309220,2005-03-04,429,A
USGS,13309220,2005-03-05,435,A
USGS,13309220,2005-03-06,452,A
USGS,13309220,2005-03-07,466,A
USGS,13309220,2005-03-08,495,A
USGS,13309220,2005-03-09,522,A
USGS,13309220,2005-03-10,567,A
USGS,13309220,2005-03-11,587,A
USGS,13309220,2005-03-12,607,A
USGS,13309220,2005-03-13,581,A
USGS,13309220,2005-03-14,522,A
USGS,13309220,2005-03-15,518,A
USGS,13309220,2005-03-16,511,A
USGS,13309220,2005-03-17,511,A
USGS,13309220,2005-03-18,452,A
USGS,13309220,2005-03-19,478,A
USGS,13309220,2005-03-20,507,A
USGS,13309220,2005-03-21,491,A
USGS,13309220,2005-03-22,469,A
USGS,13309220,2005-03-23,479,A
USGS,13309220,2005-03-24,477,A
USGS,13309220,2005-03-25,451,A
USGS,13309220,2005-03-26,411,A
USGS,13309220,2005-03-27,476,A
USGS,13309220,2005-03-28,721,A
USGS,13309220,2005-03-29,675,A
USGS,13309220,2005-03-30,589,A
USGS,13309220,2005-03-31,505,A
USGS,13309220,2005-04-01,528,A
USGS,13309220,2005-04-02,555,A
USGS,13309220,2005-04-03,590,A
USGS,13309220,2005-04-04,597,A
USGS,13309220,2005-04-05,548,A
USGS,13309220,2005-04-06,548,A
USGS,13309220,2005-04-07,726,A
USGS,13309220,2005-04-08,921,A
USGS,13309220,2005-04-09,851,A
USGS,13309220,2005-04-10,761,A
USGS,13309220,2005-04-11,739,A
USGS,13309220,2005-04-12,736,A
USGS,13309220,2005-04-13,779,A
USGS,13309220,2005-04-14,807,A
USGS,13309220,2005-04-15,734,A
USGS,13309220,2005-04-16,759,A
USGS,13309220,2005-04-17,931,A
USGS,13309220,2005-04-18,1020,A
USGS,13309220,2005-04-19,958,A
USGS,13309220,2005-04-20,914,A
USGS,13309220,2005-04-21,959,A
USGS,13309220,2005-04-22,966,A
USGS,13309220,2005-04-23,1120,A
USGS,13309220,2005-04-24,1310,A
USGS,13309220,2005-04-25,1520,A
USGS,13309220,2005-04-26,2010,A
USGS,13309220,2005-04-27,2400,A
USGS,13309220,2005-04-28,2570,A
USGS,13309220,2005-04-29,2420,A
USGS,13309220,2005-04-30,2130,A
USGS,13309220,2005-05-01,2000,A
USGS,13309220,2005-05-02,2010,A
USGS,13309220,2005-05-03,2110,A
USGS,13309220,2005-05-04,2290,A
USGS,13309220,2005-05-05,2260,A
USGS,13309220,2005-05-06,2660,A
USGS,13309220,2005-05-07,2900,A
USGS,13309220,2005-05-08,3000,A
USGS,13309220,2005-05-09,3180,A
USGS,13309220,2005-05-10,3150,A
USGS,13309220,2005-05-11,2860,A
USGS,13309220,2005-05-12,2630,A
USGS,13309220,2005-05-13,2640,A
USGS,13309220,2005-05-14,2740,A
USGS,13309220,2005-05-15,2980,A
USGS,13309220,2005-05-16,3820,A
USGS,13309220,2005-05-17,4830,A
USGS,13309220,2005-05-18,4310,A
USGS,13309220,2005-05-19,6910,A
USGS,13309220,2005-05-20,7390,A
USGS,13309220,2005-05-21,6620,A
USGS,13309220,2005-05-22,5860,A
USGS,13309220,2005-05-23,5700,A
USGS,13309220,2005-05-24,5340,A
USGS,13309220,2005-05-25,4860,A
USGS,13309220,2005-05-26,4580,A
USGS,13309220,2005-05-27,4510,A
USGS,13309220,2005-05-28,4610,A
USGS,13309220,2005-05-29,4740,A
USGS,13309220,2005-05-30,4650,A
USGS,13309220,2005-05-31,4350,A
USGS,13309220,2005-06-01,4540,A
USGS,13309220,2005-06-02,4190,A
USGS,13309220,2005-06-03,3670,A
USGS,13309220,2005-06-04,3330,A
USGS,13309220,2005-06-05,3180,A
USGS,13309220,2005-06-06,3160,A
USGS,13309220,2005-06-07,2910,A
USGS,13309220,2005-06-08,2890,A
USGS,13309220,2005-06-09,2820,A
USGS,13309220,2005-06-10,2610,A
USGS,13309220,2005-06-11,2490,A
USGS,13309220,2005-06-12,2640,A
USGS,13309220,2005-06-13,2490,A
USGS,13309220,2005-06-14,2350,A
USGS,13309220,2005-06-15,2360,A
USGS,13309220,2005-06-16,2400,A
USGS,13309220,2005-06-17,2570,A
USGS,13309220,2005-06-18,2620,A
USGS,13309220,2005-06-19,2360,A
USGS,13309220,2005-06-20,2200,A
USGS,13309220,2005-06-21,2140,A
USGS,13309220,2005-06-22,2150,A
USGS,13309220,2005-06-23,2090,A
USGS,13309220,2005-06-24,1980,A
USGS,13309220,2005-06-25,1900,A
USGS,13309220,2005-06-26,2040,A
USGS,13309220,2005-06-27,2110,A
USGS,13309220,2005-06-28,2210,A
USGS,13309220,2005-06-29,1980,A
USGS,13309220,2005-06-30,1790,A
USGS,13309220,2005-07-01,1670,A
USGS,13309220,2005-07-02,1590,A
USGS,13309220,2005-07-03,1500,A
USGS,13309220,2005-07-04,1440,A
USGS,13309220,2005-07-05,1380,A
USGS,13309220,2005-07-06,1330,A
USGS,13309220,2005-07-07,1290,A
USGS,13309220,2005-07-08,1240,A
USGS,13309220,2005-07-09,1210,A
USGS,13309220,2005-07-10,1280,A
USGS,13309220,2005-07-11,1290,A
USGS,13309220,2005-07-12,1190,A
USGS,13309220,2005-07-13,1120,A
USGS,13309220,2005-07-14,1070,A
USGS,13309220,2005-07-15,1040,A
USGS,13309220,2005-07-16,1010,A
USGS,13309220,2005-07-17,968,A
USGS,13309220,2005-07-18,952,A
USGS,13309220,2005-07-19,930,A
USGS,13309220,2005-07-20,905,A
USGS,13309220,2005-07-21,883,A
USGS,13309220,2005-07-22,868,A
USGS,13309220,2005-07-23,844,A
USGS,13309220,2005-07-24,820,A
USGS,13309220,2005-07-25,804,A
USGS,13309220,2005-07-26,789,A
USGS,13309220,2005-07-27,778,A
USGS,13309220,2005-07-28,762,A
USGS,13309220,2005-07-29,763,A
USGS,13309220,2005-07-30,734,A
USGS,13309220,2005-07-31,746,A
USGS,13309220,2005-08-01,771,A
USGS,13309220,2005-08-02,766,A
USGS,13309220,2005-08-03,735,A
USGS,13309220,2005-08-04,700,A
USGS,13309220,2005-08-05,677,A
USGS,13309220,2005-08-06,661,A
USGS,13309220,2005-08-07,648,A
USGS,13309220,2005-08-08,638,A
USGS,13309220,2005-08-09,631,A
USGS,13309220,2005-08-10,620,A
USGS,13309220,2005-08-11,602,A
USGS,13309220,2005-08-12,589,A
USGS,13309220,2005-08-13,586,A
USGS,13309220,2005-08-14,580,A
USGS,13309220,2005-08-15,571,A
USGS,13309220,2005-08-16,563,A
USGS,13309220,2005-08-17,558,A
USGS,13309220,2005-08-18,556,A
USGS,13309220,2005-08-19,548,A
USGS,13309220,2005-08-20,539,A
USGS,13309220,2005-08-21,529,A
USGS,13309220,2005-08-22,521,A
USGS,13309220,2005-08-23,522,A
USGS,13309220,2005-08-24,517,A
USGS,13309220,2005-08-25,515,A
USGS,13309220,2005-08-26,509,A
USGS,13309220,2005-08-27,503,A
USGS,13309220,2005-08-28,495,A
USGS,13309220,2005-08-29,489,A
USGS,13309220,2005-08-30,483,A
USGS,13309220,2005-08-31,488,A
USGS,13309220,2005-09-01,488,A
USGS,13309220,2005-09-02,483,A
USGS,13309220,2005-09-03,473,A
USGS,13309220,2005-09-04,466,A
USGS,13309220,2005-09-05,465,A
USGS,13309220,2005-09-06,466,A
USGS,13309220,2005-09-07,465,A
USGS,13309220,2005-09-08,458,A
USGS,13309220,2005-09-09,458,A
USGS,13309220,2005-09-10,488,A
USGS,13309220,2005-09-11,504,A
USGS,13309220,2005-09-12,501,A
USGS,13309220,2005-09-13,496,A
USGS,13309220,2005-09-14,489,A
USGS,13309220,2005-09-15,480,A
USGS,13309220,2005-09-16,472,A
USGS,13309220,2005-09-17,534,A
USGS,13309220,2005-09-18,570,A
USGS,13309220,2005-09-19,529,A
USGS,13309220,2005-09-20,497,A
USGS,13309220,2005-09-21,480,A
USGS,13309220,2005-09-22,472,A
USGS,13309220,2005-09-23,466,A
USGS,13309220,2005-09-24,526,A
USGS,13309220,2005-09-25,551,A
USGS,13309220,2005-09-26,516,A
USGS,13309220,2005-09-27,493,A
USGS,13309220,2005-09-28,477,A
USGS,13309220,2005-09-29,470,A
USGS,13309220,2005-09-30,469,A
USGS,13309220,2005-10-01,482,A
USGS,13309220,2005-10-02,539,A
USGS,13309220,2005-10-03,524,A
USGS,13309220,2005-10-04,518,A
USGS,13309220,2005-10-05,502,A
USGS,13309220,2005-10-06,493,A
USGS,13309220,2005-10-07,489,A
USGS,13309220,2005-10-08,489,A
USGS,13309220,2005-10-09,483,A
USGS,13309220,2005-10-10,479,A
USGS,13309220,2005-10-11,479,A
USGS,13309220,2005-10-12,489,A
USGS,13309220,2005-10-13,484,A
USGS,13309220,2005-10-14,476,A
USGS,13309220,2005-10-15,470,A
USGS,13309220,2005-10-16,464,A
USGS,13309220,2005-10-17,461,A
USGS,13309220,2005-10-18,459,A
USGS,13309220,2005-10-19,456,A
USGS,13309220,2005-10-20,458,A
USGS,13309220,2005-10-21,456,A
USGS,13309220,2005-10-22,456,A
USGS,13309220,2005-10-23,454,A
USGS,13309220,2005-10-24,450,A
USGS,13309220,2005-10-25,447,A
USGS,13309220,2005-10-26,445,A
USGS,13309220,2005-10-27,473,A
USGS,13309220,2005-10-28,525,A
USGS,13309220,2005-10-29,521,A
USGS,13309220,2005-10-30,496,A
USGS,13309220,2005-10-31,478,A
USGS,13309220,2005-11-01,492,A
USGS,13309220,2005-11-02,575,A
USGS,13309220,2005-11-03,606,A
USGS,13309220,2005-11-04,565,A
USGS,13309220,2005-11-05,525,A
USGS,13309220,2005-11-06,551,A
USGS,13309220,2005-11-07,550,A
USGS,13309220,2005-11-08,662,A
USGS,13309220,2005-11-09,534,A
USGS,13309220,2005-11-10,509,A
USGS,13309220,2005-11-11,587,A
USGS,13309220,2005-11-12,569,A
USGS,13309220,2005-11-13,524,A
USGS,13309220,2005-11-14,537,A
USGS,13309220,2005-11-15,398,A
USGS,13309220,2005-11-16,523,A
USGS,13309220,2005-11-17,537,A
USGS,13309220,2005-11-18,463,A
USGS,13309220,2005-11-19,440,A e
USGS,13309220,2005-11-20,420,A e
USGS,13309220,2005-11-21,400,A e
USGS,13309220,2005-11-22,400,A e
USGS,13309220,2005-11-23,390,A e
USGS,13309220,2005-11-24,380,A e
USGS,13309220,2005-11-25,440,A e
USGS,13309220,2005-11-26,563,A
USGS,13309220,2005-11-27,484,A
USGS,13309220,2005-11-28,396,A
USGS,13309220,2005-11-29,430,A
USGS,13309220,2005-11-30,494,A
USGS,13309220,2005-12-01,450,A
USGS,13309220,2005-12-02,476,A
USGS,13309220,2005-12-03,474,A
USGS,13309220,2005-12-04,423,A
USGS,13309220,2005-12-05,377,A
USGS,13309220,2005-12-06,420,A e
USGS,13309220,2005-12-07,300,A e
USGS,13309220,2005-12-08,240,A e
USGS,13309220,2005-12-09,280,A e
USGS,13309220,2005-12-10,300,A e
USGS,13309220,2005-12-11,320,A e
USGS,13309220,2005-12-12,340,A e
USGS,13309220,2005-12-13,360,A e
USGS,13309220,2005-12-14,360,A e
USGS,13309220,2005-12-15,350,A e
USGS,13309220,2005-12-16,350,A e
USGS,13309220,2005-12-17,350,A e
USGS,13309220,2005-12-18,340,A e
USGS,13309220,2005-12-19,460,A e
USGS,13309220,2005-12-20,600,A e
USGS,13309220,2005-12-21,844,A
USGS,13309220,2005-12-22,952,A
USGS,13309220,2005-12-23,1000,A
USGS,13309220,2005-12-24,878,A
USGS,13309220,2005-12-25,786,A
USGS,13309220,2005-12-26,789,A
USGS,13309220,2005-12-27,763,A
USGS,13309220,2005-12-28,768,A
USGS,13309220,2005-12-29,1020,A
USGS,13309220,2005-12-30,852,A
USGS,13309220,2005-12-31,832,A
